buoc,loss_train,learning_rate,giay_moi_buoc,token_moi_giay
50,6.294490694999695,0.0007,1.4570362402600017,13544.357686311525
100,5.728242039680481,0.0007,1.4055266839599994,13967.43315088759
150,5.37235963344574,0.0007,1.3970171236599982,14027.301217797605
200,4.996753215789795,0.0007,1.3985175398399996,13972.938803638941
250,4.359082102775574,0.0007,1.3962943570199968,14048.842854214205
300,4.493864297866821,0.0007,1.3988704765800002,14019.668245445611
350,4.094154894351959,0.0007,1.417131323839999,13854.453479158808
400,3.967079818248749,0.0007,1.3986241135,14020.26449474625
450,3.8664101362228394,0.0007,1.4059449571599998,13921.668768269237
500,3.809639632701874,0.0007,1.4091892617600024,13955.173044278568
550,3.2744877338409424,0.0007,1.4165817925200008,13935.489008991535
600,3.1047606468200684,0.0007,1.4012419966000016,13959.444583777884
650,3.2166621685028076,0.0007,1.3939231117400004,14066.127345808143
700,2.9688274264335632,0.0007,1.4080991269000014,13950.026404209952
750,2.964703679084778,0.0007,1.4019946096000013,13953.505859470733
800,2.6419907212257385,0.0007,1.3976325229399982,13987.811301697431
850,2.7792163491249084,0.0007,1.4226383799999984,13911.4902832862
900,2.651366114616394,0.0007,1.4089438256399989,13905.054015266209
950,2.651373565196991,0.0007,1.4103687347799951,13942.325517494814
1000,2.5864809155464172,0.0007,1.3977437230599934,14043.99080900573
1000,,,,
1050,2.3581494092941284,0.0007,2.1716205568199984,9036.477361743164
1100,2.5690357089042664,0.0007,1.4089690702000006,13928.723074960222
1150,2.439678132534027,0.0007,1.3892896681399998,14069.56407166649
1200,2.5838446021080017,0.0007,1.4120196097000006,13953.673068454122
1250,2.2432147562503815,0.0007,1.4079410287799965,13970.14477022779
1300,2.436407506465912,0.0007,1.4116538581999976,13940.938768866274
1350,2.458273708820343,0.0007,1.3868669563800085,14036.06878832159
1400,2.2239068150520325,0.0007,1.401084960600001,14001.69193993701
1450,2.2442435026168823,0.0007,1.4207015005199992,13905.91900745437
1500,2.345023214817047,0.0007,1.4064642282800015,13970.593496024709
1550,2.225570559501648,0.0007,1.388810112859992,14054.232338361224
1600,2.0619455575942993,0.0007,1.4077016107800047,13929.557123355768
1650,2.184106022119522,0.0007,1.4145877548999943,13944.020038116676
1700,2.1107212901115417,0.0007,1.3875606141800017,14072.235692232594
1750,2.0367226600646973,0.0007,1.3978039679199992,14019.347812526426
1800,2.190742075443268,0.0007,1.4104785819399968,13958.921639859102
1850,2.0292957425117493,0.0007,1.413779362359992,13942.005750527424
1900,2.085391789674759,0.0007,1.3925844750799934,14017.835434276736
1950,1.9104514718055725,0.0007,1.4168095086799986,13916.083904864001
2000,1.9869137704372406,0.0007,1.399894149060001,13956.498077457567
2000,,,,
2050,2.0461901128292084,0.0007,2.9133731330200043,6743.12527198867
2100,1.87891885638237,0.0007,1.4176386851999996,13887.741781836645
2150,1.9937694668769836,0.0007,1.3853075677200013,14090.863613866739
2200,1.9701339304447174,0.0007,1.4064198418400065,13990.445395208226
2250,1.8328016698360443,0.0007,1.4002482743800102,13948.140738575597
2300,1.9487397074699402,0.0007,1.4085290837799949,13994.656004617436
2350,1.9432945549488068,0.0007,1.4020951450600114,13963.146558903498
2400,2.0045236945152283,0.0007,1.4099462546999895,13940.800888316406
2450,1.9779572784900665,0.0007,1.4033853115800048,13929.659829481236
2500,1.7755101025104523,0.0007,1.4125100981200012,13929.542894020738
2550,1.9035047888755798,0.0007,1.4091210398600014,13983.766789798063
2600,1.7999789416790009,0.0007,1.3894427656600055,14114.564834690624
2650,1.8305765688419342,0.0007,1.3922782681999888,13995.607376097489
2700,1.9833634793758392,0.0007,1.4065774099599913,13948.524881085687
2750,1.7954395413398743,0.0007,1.4093451238399939,13988.213154124624
2800,1.7628288269042969,0.0007,1.417494310819984,13889.015179617354
2850,1.7902979254722595,0.0007,1.389457071380002,14074.763735288918
2900,1.98038911819458,0.0007,1.4039554888400017,13963.362909886466
2950,1.8243136405944824,0.0007,1.404068023560012,14059.959822990893
3000,1.8988642692565918,0.0007,1.3979180823999924,13997.029043652714
3000,,,,
3050,1.731025606393814,0.0007,2.181415669780017,8991.54630257973
3100,1.9047799706459045,0.0007,1.4054707979399972,13967.405106369262
3150,1.8751246929168701,0.0007,1.3995917609199933,14021.13140984815
3200,1.9424522519111633,0.0007,1.4075643710800068,13959.944144453702
3250,1.8107003271579742,0.0007,1.3928018178799904,14035.20569046555
3300,1.7216143608093262,0.0007,1.420881602240006,13901.679048317717
3350,1.7324551343917847,0.0007,1.401992355780003,14012.715489500682
3400,1.8439937233924866,0.0007,1.3942637585599913,14044.717062878055
3450,1.7803147733211517,0.0007,1.407609748140003,13915.660946425733
3500,1.6277245879173279,0.0007,1.3982375388400032,14024.52691712769
3550,1.6994769871234894,0.0007,1.3949723853599971,13967.832054948973
3600,1.7274691462516785,0.0007,1.4077540887000033,14031.07272680014
3650,1.6439271569252014,0.0007,1.4187759177200132,13910.780239148966
3700,1.6995335817337036,0.0007,1.4051702149800076,13957.654233568455
3750,1.700998067855835,0.0007,1.3995014923800044,14053.889979460957
3800,1.6472447514533997,0.0007,1.399240109380007,13952.901913775684
3850,1.6557149291038513,0.0007,1.411896189300005,13964.865228353181
3900,1.7507239282131195,0.0007,1.4005749508600092,14040.262527846327
3950,1.7644108533859253,0.0007,1.3959713633799948,13999.714114966542
4000,1.7036460041999817,0.0007,1.404666753040001,13939.66217084829
4000,,,,
4050,1.765241950750351,0.0007,2.935067647819997,6735.83111949196
4100,1.6760786473751068,0.0007,1.3949612660999993,13968.000742038676
4150,1.7176882326602936,0.0007,1.3972353460399973,13967.611151057536
4200,1.7012582123279572,0.0007,1.4074777548200108,13935.694495227226
4250,1.7187195122241974,0.0007,1.4001519214399922,14013.050797960064
4300,1.626047283411026,0.0007,1.412244025,13971.862971769344
4350,1.5938239693641663,0.0007,1.404735933860011,14003.329398677086
4400,1.7064844369888306,0.0007,1.3962301347399988,14038.215844445982
4450,1.6828674674034119,0.0007,1.4092675639199843,13951.5451170324
4500,1.5730920732021332,0.0007,1.4217733137399955,13814.733903207789
4550,1.5541513562202454,0.0007,1.405019954800009,14021.437868335584
4600,1.66745263338089,0.0007,1.3773082705400157,14133.26298575686
4650,1.6157722175121307,0.0007,1.412475201239995,13918.502769281278
4700,1.5564539730548859,0.0007,1.3860344038200128,14069.391023956365
4750,1.6104006171226501,0.0007,1.417799955440005,13915.404584617267
4800,1.6384690701961517,0.0007,1.3893741073599994,14105.12827048256
4850,1.5828534066677094,0.0007,1.4175752402999933,13813.446682277026
4900,1.6570958495140076,0.0007,1.397706187019994,14058.390942587217
4950,1.557090014219284,0.0007,1.4172503002399934,13922.748858588091
5000,1.483036607503891,0.0007,1.4068704209800125,13947.325714852577
5000,,,,
5050,1.50451198220253,0.0007,2.17028515760001,9055.713223295328
5100,1.5166665017604828,0.0007,1.4072654086799958,13950.275391487397
5150,1.6221257150173187,0.0007,1.4042203339999833,13940.561552928084
5200,1.5537568628787994,0.0007,1.3905384344599951,14002.777282140762
5250,1.5178954303264618,0.0007,1.3904103228399982,14094.947137597754
5300,1.561530351638794,0.0007,1.4159044379999977,13905.67009438248
5350,1.5636215806007385,0.0007,1.4312355234200005,13818.78780701288
5400,1.6224162876605988,0.0007,1.4042814237600032,13957.729318613994
5450,1.5359566807746887,0.0007,1.4075818114600043,13937.875468602882
5500,1.572079837322235,0.0007,1.3887261189999844,14095.018256080066
5550,1.4830890893936157,0.0007,1.402686826939971,13992.94526977117
5600,1.5671204626560211,0.0007,1.4041292605600029,13963.116182181557
5650,1.5558333992958069,0.0007,1.3985274628000115,13987.912658385472
5700,1.4646418392658234,0.0007,1.4194099685200126,13895.224380144911
5750,1.4989362955093384,0.0007,1.396033951999998,14099.098357745406
5800,1.6031282842159271,0.0007,1.3796425248600281,14071.38418118099
5850,1.4542165696620941,0.0007,1.4253778519200204,13901.408649860114
5900,1.479408860206604,0.0007,1.4092679390599734,13912.769500084118
5950,1.4966643452644348,0.0007,1.3946553731999665,14019.563811766533
6000,1.5256525874137878,0.0007,1.4025326564200078,14011.851995063218
6000,,,,
6050,1.4726409912109375,0.0007,2.9351532004600087,6724.3985754838
6100,1.529637724161148,0.0007,1.408289127120006,13867.251847592974
6150,1.5283463597297668,0.0007,1.3883649854200122,14126.587897249989
6200,1.5570847988128662,0.0007,1.4056862438199824,13995.427561799079
6250,1.4658189713954926,0.0007,1.4018591522600037,13962.016061632008
6300,1.4356580078601837,0.0007,1.4196055491000152,13910.652865874874
6350,1.4470639526844025,0.0007,1.395126541919999,14014.671366721936
6400,1.4913289546966553,0.0007,1.4055535833599788,13990.288405080173
6450,1.4549177587032318,0.0007,1.4054608924399872,13921.625358092613
6500,1.4357482194900513,0.0007,1.3965681375799976,14049.912404561099
6550,1.3937521874904633,0.0007,1.4101785310799824,13924.052570111297
6600,1.4596273303031921,0.0007,1.413764629340003,13919.3608268349
6650,1.5921732783317566,0.0007,1.405646386820008,13950.934021438961
6700,1.5507321059703827,0.0007,1.4016633427600027,14024.537419443559
6750,1.3790551722049713,0.0007,1.3986025049599993,13981.971239611992
6800,1.4600208401679993,0.0007,1.3971470774599948,14042.200936831407
6850,1.4071197509765625,0.0007,1.4139251773800061,13899.27862831895
6900,1.3359768390655518,0.0007,1.4107207086199924,13931.389735694334
6950,1.3880149722099304,0.0007,1.3940946528399945,14059.834430947818
7000,1.4342549443244934,0.0007,1.3940452010199806,14008.943171793246
7000,,,,
7050,1.4867934882640839,0.0007,1.4439998458800256,13673.311708677598
7100,1.309229552745819,0.0007,1.3994671278199895,13975.00492238475
7150,1.4133189022541046,0.0007,1.3998402713199902,13987.438710801423
7200,1.358386516571045,0.0007,1.4140293298200048,13941.408133669607
7250,1.3560988306999207,0.0007,1.3963720590799857,13998.761915129597
7300,1.3785160779953003,0.0007,1.4046662553200076,13974.778653401881
7350,1.4044824540615082,0.0007,1.3977250681000077,14039.513526558529
7400,1.473521649837494,0.0007,1.4231646139999794,13848.278551985053
7450,1.4166652858257294,0.0007,1.4198150911199992,13834.393029662398
7500,1.3868462145328522,0.0007,1.3995520563600075,14014.669844445296
7550,1.4730656147003174,0.0007,1.417050625619995,13873.971504298377
7600,1.3410809636116028,0.0007,1.3911222767800064,14066.326394609596
7650,1.505195438861847,0.0007,1.405183823280022,13998.396276783882
7700,1.404959887266159,0.0007,1.4218863715399856,13881.179533792973
7750,1.4384368062019348,0.0007,1.3909777678400133,14019.246353794271
7800,1.372243344783783,0.0007,1.4080471193799895,13964.191772685808
7850,1.3919374346733093,0.0007,1.4124382526599948,13929.387683283076
7900,1.3981965482234955,0.0007,1.3989224070599813,13998.603425872745
7950,1.2811245620250702,0.0007,1.3953522538800098,14029.86231294929
8000,1.3567985594272614,0.0007,1.407467818039986,13925.448062673342
8000,,,,
8050,1.309567630290985,0.0007,2.1843853752199722,8990.45572396874
8100,1.307580679655075,0.0007,1.4009006143599982,14007.803122397101
8150,1.4084060788154602,0.0007,1.4027482607799902,13984.291086621906
8200,1.3687313795089722,0.0007,1.401204173599981,13971.011768902046
8250,1.3324381709098816,0.0007,1.411138584520013,13950.465401451724
8300,1.3259024918079376,0.0007,1.418670017919976,13932.640959721011
8350,1.3756157755851746,0.0007,1.4196078753999972,13882.340568480646
8400,1.3438500463962555,0.0007,1.3868572918800055,14054.135284228234
8450,1.3351191580295563,0.0007,1.4002495620600166,13943.714412790614
8500,1.3640681505203247,0.0007,1.396269753279994,14005.187718249335
8550,1.3372192680835724,0.0007,1.4014651720199982,14003.687278016747
8600,1.3134580850601196,0.0007,1.4158583273000114,13935.151292731916
8650,1.3164244294166565,0.0007,1.4222339257199927,13898.290318165016
8700,1.2545894086360931,0.0007,1.405638045300002,13950.433445912346
8750,1.3836896121501923,0.0007,1.3917289609799992,14127.147275972045
8800,1.2846275866031647,0.0007,1.399306276080024,13913.665887743487
8850,1.250606656074524,0.0007,1.4077378464399954,13977.332533723782
8900,1.361545354127884,0.0007,1.3998289165199822,13992.824243619198
8950,1.3013763725757599,0.0007,1.3996290433399918,14021.558135981597
9000,1.3679122924804688,0.0007,1.4021872747999806,13949.491877103343
9000,,,,
9050,1.2998498976230621,0.0007,1.4273042762200203,13777.00629614647
9100,1.3948517739772797,0.0007,1.4071335849599926,13957.409737013986
9150,1.250071257352829,0.0007,1.4066161856599866,13973.804795071
9200,1.2629446387290955,0.0007,1.42603614216001,13836.030810631513
9250,1.392113208770752,0.0007,1.3869311294400177,14075.334806193252
9300,1.3452939987182617,0.0007,1.3989680680400125,14016.18839482988
9350,1.2603099346160889,0.0007,1.4151859543400134,13887.673163888685
9400,1.2591035068035126,0.0007,1.394190241239994,14060.95052176273
9450,1.3352329730987549,0.0007,1.4081053401199823,13973.116527150924
9500,1.2030589282512665,0.0007,1.4007449431999703,13979.889840090922
9550,1.1996386647224426,0.0007,1.383289356000023,14079.729534186972
9600,1.3058435320854187,0.0007,1.4122427225000138,13953.663691122196
9650,1.197931945323944,0.0007,1.4218827764000161,13855.58663976498
9700,1.3014744222164154,0.0007,1.4106931727000118,13891.071693849584
9750,1.2553628385066986,0.0007,1.403040576659987,14022.6878162255
9800,1.3226058185100555,0.0007,1.3892331118999937,14084.230956200036
9850,1.248437374830246,0.0007,1.401076805119992,13972.296114290062
9900,1.2440161406993866,0.0007,1.4065052617000038,13946.979463333171
9950,1.2812133431434631,0.0007,1.4005334904600022,14041.035172633461
10000,1.19005885720253,0.0007,1.4091945792999832,13938.146149949665
10000,,,,
10050,1.2397339940071106,0.0007,2.1818113308199827,8987.908222398895
10100,1.2958379983901978,0.0007,1.3939026406999984,14051.799191774086
10150,1.2949594557285309,0.0007,1.4103751708599885,13955.109538690169
10200,1.2071489095687866,0.0007,1.4001180239399764,13999.519801082357
10250,1.290878713130951,0.0007,1.400351149800008,14063.17265695288
10300,1.285148411989212,0.0007,1.3977647099400201,13978.046420157798
10350,1.2115311026573181,0.0007,1.4298730680800145,13786.916083726705
10400,1.2922556102275848,0.0007,1.3755522998599918,14146.623143286259
10450,1.237629234790802,0.0007,1.4144003289399916,13931.020515787775
10500,1.2676112055778503,0.0007,1.409583962020006,13950.556000807355
10550,1.199637085199356,0.0007,1.4060898489399916,13980.088125107377
10600,1.1956324577331543,0.0007,1.4132525786199768,13915.913048751898
10650,1.2670378983020782,0.0007,1.3869784528200035,14086.592304498863
10700,1.1908744871616364,0.0007,1.4263703406400237,13811.826731590692
10750,1.1585319638252258,0.0007,1.3952152440600185,14064.424886082936
10800,1.2210319936275482,0.0007,1.4056230370199774,13945.232458310522
10850,1.2511190176010132,0.0007,1.399448795319986,14003.441973394314
10900,1.1883761286735535,0.0007,1.4153268352000306,13903.474102657625
10950,1.2061060070991516,0.0007,1.4034776045200124,13995.620547659344
11000,1.248037338256836,0.0007,1.400401961719981,13976.30147272932
11000,,,,
11050,1.1829237043857574,0.0007,1.5656662478399994,12588.4938933768
11100,1.2559040784835815,0.0007,1.4434314596599984,13621.983827781816
11150,1.2045268714427948,0.0007,1.4297780577399999,13768.136875114724
11200,1.1283440291881561,0.0007,1.41137643454,13785.691417145857
11250,1.1977157294750214,0.0007,1.4358975314999998,13691.701231258787
11300,1.21138396859169,0.0007,1.427467481839999,13785.995303118067
11350,1.2504188418388367,0.0007,1.4112158197999998,13843.325539511503
11400,1.1635493636131287,0.0007,1.4213547541199978,13787.381329816515
11450,1.1597418189048767,0.0007,1.4355708688000004,13723.376830896581
11500,1.2139654457569122,0.0007,1.4362134299200033,13696.195558549853
11550,1.1673347651958466,0.0007,1.412631830800001,13820.43047192533
11600,1.1713733971118927,0.0007,1.4222591679399965,13685.452299240284
11650,1.186506450176239,0.0007,1.4343259722599988,13790.449578789681
11700,1.2082241773605347,0.0007,1.4183745228999987,13823.852362992848
11750,1.2106603682041168,0.0007,1.4262141908600006,13768.899598565022
11800,1.1771195232868195,0.0007,1.4312840893200018,13698.440544612575
11850,1.2007217407226562,0.0007,1.434058857519999,13731.988681451572
11900,1.1106081008911133,0.0007,1.42054578924,13757.97960758172
11950,1.1669928133487701,0.0007,1.4258301014799963,13751.259690511644
12000,1.174556314945221,0.0007,1.4273963267399994,13773.890006360663
12000,,,,
12050,1.1691591143608093,0.0007,2.0931926892999946,9417.938492128314
12100,1.1684112846851349,0.0007,1.4183217070000047,13790.38331252159
12150,1.139916479587555,0.0007,1.4328230597400033,13706.018943862837
12200,1.159291923046112,0.0007,1.4437465901200084,13603.620008111984
12250,1.0970567762851715,0.0007,1.4438413412799946,13627.951657455864
12300,1.1202016770839691,0.0007,1.4226152636999996,13762.97618871106
12350,1.1691317856311798,0.0007,1.4264812668800004,13718.63792000728
12400,1.2220763862133026,0.0007,1.4426436861999992,13649.565854939803
12450,1.1297475695610046,0.0007,1.4538637796600051,13568.492644209913
12500,1.1864120066165924,0.0007,1.4186587304000022,13803.263308067519
12550,1.1636006534099579,0.0007,1.4248404623399984,13752.065945558697
12600,1.1273212432861328,0.0007,1.4346910936799941,13625.204816640582
12650,1.1620635390281677,0.0007,1.4414946577799947,13654.38289609259
12700,1.1674980521202087,0.0007,1.4218468376799955,13848.931880827322
12750,1.0757574439048767,0.0007,1.419107577300001,13762.268845860235
12800,1.104681670665741,0.0007,1.4287024311799996,13716.7261511652
12850,1.1653969585895538,0.0007,1.4496123294399967,13639.881227857919
12900,1.1989740133285522,0.0007,1.4188150697400033,13786.870760813486
12950,1.0815929174423218,0.0007,1.4238449657599994,13719.06385157145
13000,1.161120057106018,0.0007,1.4203865450000013,13725.869249204965
13000,,,,
13050,1.1674759685993195,0.0007,1.4460852322999926,13619.363202178314
13100,1.0824623703956604,0.0007,1.4456202890200074,13691.575962466355
13150,1.0913271009922028,0.0007,1.424303534540004,13760.690417952143
13200,1.1355546712875366,0.0007,1.4270587199600049,13718.804787898765
13250,1.1497720777988434,0.0007,1.433023129059993,13736.219326000788
13300,1.0831922590732574,0.0007,1.4177663517000019,13808.636364183203
13350,1.1521652936935425,0.0007,1.4284969047199956,13744.096984129208
13400,1.1630610823631287,0.0007,1.451058415460011,13604.786540410676
13450,1.0732519328594208,0.0007,1.4171089913799915,13751.941536283979
13500,1.1020152270793915,0.0007,1.4303336311199928,13784.546186305784
13550,1.0948953330516815,0.0007,1.4307166816000063,13757.762283156924
13600,1.1043560057878494,0.0007,1.4096063314999991,13841.041689447045
13650,1.0743620991706848,0.0007,1.4285646194199944,13737.243477279788
13700,1.050752192735672,0.0007,1.4256001170399941,13790.416937408589
13750,1.13619264960289,0.0007,1.4236220571600098,13697.806873617594
13800,1.0656731724739075,0.0007,1.438789970079997,13731.955609129998
13850,1.1426310539245605,0.0007,1.4203169738199903,13766.377759615567
13900,1.1656336784362793,0.0007,1.4502275723799902,13621.186340831811
13950,1.140531599521637,0.0007,1.4118161576400052,13828.372691693008
14000,1.0538890957832336,0.0007,1.434811404259999,13673.880721709682
14000,,,,
14050,1.1042191684246063,0.0007,1.7853394486599974,11027.381943964057
14100,1.1167099177837372,0.0007,1.4397120063399962,13634.018410321214
14150,1.0455711036920547,0.0007,1.432206429020007,13674.495242561445
14200,1.0638397783041,0.0007,1.4246796852599983,13749.013341497377
14250,1.1258794665336609,0.0007,1.432576352019987,13706.480616068446
14300,1.0252404659986496,0.0007,1.4406154230599895,13661.86956279756
14350,1.062701165676117,0.0007,1.4435379098999874,13595.763481791584
14400,1.1056927740573883,0.0007,1.422316151140003,13769.526546051451
14450,1.1122923791408539,0.0007,1.4204256170400003,13816.351778346829
14500,1.0085076838731766,0.0007,1.446885914559989,13605.730625960701
14550,1.1049134135246277,0.0007,1.4070925838799848,13888.680975143887
14600,1.0776125192642212,0.0007,1.4316764462799982,13713.30795516929
14650,1.0244364887475967,0.0007,1.4264316480600063,13768.20265219874
14700,1.0614081919193268,0.0007,1.4264032966800004,13791.751635591847
14750,1.0695627927780151,0.0007,1.4180351126000097,13807.11932026941
14800,1.0717144906520844,0.0007,1.441016400640001,13663.911105560688
14850,1.0082364231348038,0.0007,1.435224082620007,13677.30672702019
14900,1.0084239691495895,0.0007,1.4065858013400065,13914.899454661027
14950,1.0886126458644867,0.0007,1.4239695547200062,13751.06647125627
15000,0.9719303846359253,0.0007,1.4412829645599958,13668.127969592724
15000,,,,
15050,1.0400500297546387,0.0007,1.4592163950200119,13472.038874488111
15100,1.0252627283334732,0.0007,1.4178937125800075,13818.214881811487
15150,1.087669163942337,0.0007,1.4299401663200115,13720.574092615047
15200,1.0311538577079773,0.0007,1.442562324520004,13605.36017501394
15250,1.0568003952503204,0.0007,1.4381511029600005,13705.764268741254
15300,1.092818707227707,0.0007,1.4128761615599978,13845.827774743215
15350,1.0091351866722107,0.0007,1.4286013347999869,13715.638871878351
15400,1.0705061256885529,0.0007,1.420141126719991,13739.521821374017
15450,1.053807020187378,0.0007,1.438197266520001,13650.005084143988
15500,1.0371900796890259,0.0007,1.4362679533600022,13731.072919829176
15550,1.0559842735528946,0.0007,1.4121047611799986,13838.576667407096
15600,1.0035434663295746,0.0007,1.4487903880799968,13593.57444806057
15650,1.0533593893051147,0.0007,1.4400554456800092,13677.084489409683
15700,0.9944419711828232,0.0007,1.4199345448200074,13779.57883437523
15750,1.0137144029140472,0.0007,1.4308336147599947,13733.532534665897
15800,1.030263513326645,0.0007,1.4389159712800028,13633.888560253163
15850,0.9780519008636475,0.0007,1.4230953545800002,13782.618246117947
15900,1.0224329084157944,0.0007,1.420064774120001,13787.892184096554
15950,1.0205941945314407,0.0007,1.433489941000007,13746.214351705661
16000,1.05632683634758,0.0007,1.417972507559989,13786.614264926398
16000,,,,
16050,1.0290905684232712,0.0007,1.934921563980006,10158.59266128015
16100,1.0367818921804428,0.0007,1.4257395198000085,13754.265577733817
16150,1.0510430485010147,0.0007,1.4280520128999887,13737.552850166327
16200,0.984925702214241,0.0007,1.4238926085800268,13816.828517439617
16250,1.0140344500541687,0.0007,1.4336474317399917,13702.043867339517
16300,0.9937530010938644,0.0007,1.431575800640021,13723.590459699453
16350,1.0057024508714676,0.0007,1.4223796892599785,13723.438366977554
16400,1.0032938718795776,0.0007,1.432188766979998,13765.922799110564
16450,0.9922386556863785,0.0007,1.4215093799399983,13804.031318335912
16500,1.0324454009532928,0.0007,1.437274148059987,13691.222392444162
16550,0.9805392175912857,0.0007,1.4299698357200032,13630.818995692847
16600,1.018347755074501,0.0007,1.4284603306200006,13798.423083576265
16650,1.050531193614006,0.0007,1.4394344598599855,13612.999095426698
16700,1.0155573040246964,0.0007,1.4276119898000252,13732.737004223536
16750,0.9886390864849091,0.0007,1.4296155669400106,13712.161824006345
16800,1.0001476109027863,0.0007,1.4206506140199782,13812.741715905138
16850,1.0293421149253845,0.0007,1.4126875507599834,13822.660212086535
16900,0.8975046426057816,0.0007,1.459921029540019,13527.142633339716
16950,0.980339765548706,0.0007,1.4211495896400084,13703.17392480339
17000,0.9983318746089935,0.0007,1.4227018049000253,13846.991640939366
17000,,,,
